component_id,size,sigma_min,sigma_max,m0_min,m0_max,a_min,a_max,ell_min,ell_max,r_min,r_max,dec_slack_min_min,dec_slack_min_max,central_N_max_min,central_N_max_max
1,6818,4.0,10.0,2.3,3.7,0.05000000000000001,0.49999999999999994,2.0,8.0,4.0,9.0,2.4510220362908633e-07,0.013330391914571419,5.604369906341726,16.144413597333102
