{
  "Npts": 97,
  "winners": [
    {
      "V": 1.5,
      "sigma": 10.0,
      "m0": 3.0,
      "a": 0.05,
      "ell": 4.0,
      "r": 9.0,
      "Pi": 0.25,
      "L": 12.0,
      "Npts": 97,
      "N_max_central": 18.332153988299005,
      "N_max_box": 18.332153988299005,
      "N_max_pos": [
        -0.5,
        0.0,
        0.0
      ],
      "N_origin": 1.5220861499187777e-05,
      "superluminal_volume": 14260.5,
      "superluminal_fraction": 0.9999989043173184,
      "superluminal_connected": 1,
      "superluminal_touches_edge": true,
      "superluminal_contains_origin": false,
      "passenger_zone_volume": 0.015625,
      "passenger_zone_radius": 0.25,
      "dt_timelike_fraction": 1.0956826815299675e-06,
      "label": "canonical-V1p5"
    },
    {
      "V": 0.1,
      "sigma": 10.0,
      "m0": 3.0,
      "a": 0.05,
      "ell": 4.0,
      "r": 9.0,
      "Pi": 0.25,
      "L": 12.0,
      "Npts": 97,
      "N_max_central": 1.2221435992199337,
      "N_max_box": 1.2221435992199337,
      "N_max_pos": [
        -0.5,
        0.0,
        0.0
      ],
      "N_origin": 1.0147240997460116e-06,
      "superluminal_volume": 14260.40625,
      "superluminal_fraction": 0.9999923302212292,
      "superluminal_connected": 1,
      "superluminal_touches_edge": true,
      "superluminal_contains_origin": false,
      "passenger_zone_volume": 0.109375,
      "passenger_zone_radius": 0.3535533905932738,
      "dt_timelike_fraction": 7.669778770709772e-06,
      "label": "canonical-V0p1"
    },
    {
      "V": 1.0,
      "sigma": 6.0,
      "m0": 3.0,
      "a": 0.1,
      "ell": 4.0,
      "r": 6.0,
      "Pi": 0.25,
      "L": 12.0,
      "Npts": 97,
      "N_max_central": 9.250827834290687,
      "N_max_box": 9.250827834290687,
      "N_max_pos": [
        -0.5,
        0.0,
        0.0
      ],
      "N_origin": 0.00011165178453757345,
      "superluminal_volume": 14260.5,
      "superluminal_fraction": 0.9999989043173184,
      "superluminal_connected": 1,
      "superluminal_touches_edge": true,
      "superluminal_contains_origin": false,
      "passenger_zone_volume": 0.015625,
      "passenger_zone_radius": 0.25,
      "dt_timelike_fraction": 1.0956826815299675e-06,
      "label": "compact-V1"
    },
    {
      "V": 0.5,
      "sigma": 4.0,
      "m0": 2.5,
      "a": 0.05,
      "ell": 4.0,
      "r": 5.0,
      "Pi": 0.25,
      "L": 12.0,
      "Npts": 97,
      "N_max_central": 2.8049246166870154,
      "N_max_box": 2.8049246166870154,
      "N_max_pos": [
        -0.5,
        0.0,
        0.0
      ],
      "N_origin": 2.2601907882169314e-05,
      "superluminal_volume": 14260.5,
      "superluminal_fraction": 0.9999989043173184,
      "superluminal_connected": 1,
      "superluminal_touches_edge": true,
      "superluminal_contains_origin": false,
      "passenger_zone_volume": 0.015625,
      "passenger_zone_radius": 0.25,
      "dt_timelike_fraction": 1.0956826815299675e-06,
      "label": "edge-V0p5"
    },
    {
      "V": 0.5,
      "sigma": 8.0,
      "m0": 3.5,
      "a": 0.05,
      "ell": 4.0,
      "r": 7.0,
      "Pi": 0.25,
      "L": 12.0,
      "Npts": 97,
      "N_max_central": 6.667115038380941,
      "N_max_box": 6.667115038380941,
      "N_max_pos": [
        -0.5,
        0.0,
        0.0
      ],
      "N_origin": 2.421791816346423e-05,
      "superluminal_volume": 14260.5,
      "superluminal_fraction": 0.9999989043173184,
      "superluminal_connected": 1,
      "superluminal_touches_edge": true,
      "superluminal_contains_origin": false,
      "passenger_zone_volume": 0.015625,
      "passenger_zone_radius": 0.25,
      "dt_timelike_fraction": 1.0956826815299675e-06,
      "label": "high-m0-V0p5"
    }
  ],
  "v_scan": [
    {
      "V": 0.01,
      "sigma": 10.0,
      "m0": 3.0,
      "a": 0.05,
      "ell": 4.0,
      "r": 9.0,
      "Pi": 0.25,
      "L": 12.0,
      "Npts": 97,
      "N_max_central": 0.12221435992199338,
      "N_max_box": 0.12221435992199338,
      "N_max_pos": [
        0.0,
        0.5,
        0.0
      ],
      "N_origin": 1.0147241002086045e-07,
      "superluminal_volume": 0.0,
      "superluminal_fraction": 0.0,
      "superluminal_connected": 0,
      "superluminal_touches_edge": false,
      "superluminal_contains_origin": false,
      "passenger_zone_volume": 14260.515625,
      "passenger_zone_radius": 20.784609690826528,
      "dt_timelike_fraction": 1.0
    },
    {
      "V": 0.03,
      "sigma": 10.0,
      "m0": 3.0,
      "a": 0.05,
      "ell": 4.0,
      "r": 9.0,
      "Pi": 0.25,
      "L": 12.0,
      "Npts": 97,
      "N_max_central": 0.36664307976598,
      "N_max_box": 0.36664307976598,
      "N_max_pos": [
        -0.5,
        0.0,
        0.0
      ],
      "N_origin": 3.0441723006258137e-07,
      "superluminal_volume": 0.0,
      "superluminal_fraction": 0.0,
      "superluminal_connected": 0,
      "superluminal_touches_edge": false,
      "superluminal_contains_origin": false,
      "passenger_zone_volume": 14260.515625,
      "passenger_zone_radius": 20.784609690826528,
      "dt_timelike_fraction": 1.0
    },
    {
      "V": 0.05,
      "sigma": 10.0,
      "m0": 3.0,
      "a": 0.05,
      "ell": 4.0,
      "r": 9.0,
      "Pi": 0.25,
      "L": 12.0,
      "Npts": 97,
      "N_max_central": 0.6110717996099668,
      "N_max_box": 0.6110717996099668,
      "N_max_pos": [
        -0.5,
        0.0,
        0.0
      ],
      "N_origin": 5.073620498730058e-07,
      "superluminal_volume": 0.0,
      "superluminal_fraction": 0.0,
      "superluminal_connected": 0,
      "superluminal_touches_edge": false,
      "superluminal_contains_origin": false,
      "passenger_zone_volume": 14260.515625,
      "passenger_zone_radius": 20.784609690826528,
      "dt_timelike_fraction": 1.0
    },
    {
      "V": 0.08,
      "sigma": 10.0,
      "m0": 3.0,
      "a": 0.05,
      "ell": 4.0,
      "r": 9.0,
      "Pi": 0.25,
      "L": 12.0,
      "Npts": 97,
      "N_max_central": 0.977714879375947,
      "N_max_box": 0.977714879375947,
      "N_max_pos": [
        0.0,
        0.5,
        0.0
      ],
      "N_origin": 8.117792801668836e-07,
      "superluminal_volume": 0.0,
      "superluminal_fraction": 0.0,
      "superluminal_connected": 0,
      "superluminal_touches_edge": false,
      "superluminal_contains_origin": false,
      "passenger_zone_volume": 14260.515625,
      "passenger_zone_radius": 20.784609690826528,
      "dt_timelike_fraction": 1.0
    },
    {
      "V": 0.1,
      "sigma": 10.0,
      "m0": 3.0,
      "a": 0.05,
      "ell": 4.0,
      "r": 9.0,
      "Pi": 0.25,
      "L": 12.0,
      "Npts": 97,
      "N_max_central": 1.2221435992199337,
      "N_max_box": 1.2221435992199337,
      "N_max_pos": [
        -0.5,
        0.0,
        0.0
      ],
      "N_origin": 1.0147240997460116e-06,
      "superluminal_volume": 14260.40625,
      "superluminal_fraction": 0.9999923302212292,
      "superluminal_connected": 1,
      "superluminal_touches_edge": true,
      "superluminal_contains_origin": false,
      "passenger_zone_volume": 0.109375,
      "passenger_zone_radius": 0.3535533905932738,
      "dt_timelike_fraction": 7.669778770709772e-06
    },
    {
      "V": 0.13,
      "sigma": 10.0,
      "m0": 3.0,
      "a": 0.05,
      "ell": 4.0,
      "r": 9.0,
      "Pi": 0.25,
      "L": 12.0,
      "Npts": 97,
      "N_max_central": 1.5887866789859133,
      "N_max_box": 1.5887866789859133,
      "N_max_pos": [
        -0.5,
        0.0,
        0.0
      ],
      "N_origin": 1.3191413297253263e-06,
      "superluminal_volume": 14260.5,
      "superluminal_fraction": 0.9999989043173184,
      "superluminal_connected": 1,
      "superluminal_touches_edge": true,
      "superluminal_contains_origin": false,
      "passenger_zone_volume": 0.015625,
      "passenger_zone_radius": 0.25,
      "dt_timelike_fraction": 1.0956826815299675e-06
    },
    {
      "V": 0.15,
      "sigma": 10.0,
      "m0": 3.0,
      "a": 0.05,
      "ell": 4.0,