{
  "n_rows": 1404,
  "n_strict_pass": 1404,
  "strict_pass_viq_E_pos_recompute": {
    "count": 1404,
    "min": 3.0097663263914787,
    "p05": 4.216708103983594,
    "median": 291.03483981689436,
    "mean": 461.8414056546254,
    "p95": 1455.7522926508575,
    "max": 1850.3501926690424
  },
  "strict_pass_viq_E_neg_recompute": {
    "count": 1404,
    "min": 0.0,
    "p05": 0.0,
    "median": 0.0,
    "mean": 0.0,
    "p95": 0.0,
    "max": 0.0
  },
  "strict_pass_viq_E_net_recompute": {
    "count": 1404,
    "min": 3.0097663263914787,
    "p05": 4.216708103983594,
    "median": 291.03483981689436,
    "mean": 461.8414056546254,
    "p95": 1455.7522926508575,
    "max": 1850.3501926690424
  },
  "strict_pass_viq_M_box": {
    "count": 1404,
    "min": 3.0097663263914787,
    "p05": 4.216708103983594,
    "median": 291.03483981689436,
    "mean": 461.8414056546254,
    "p95": 1455.7522926508575,
    "max": 1850.3501926690424
  },
  "strict_pass_viq_M_shell": {
    "count": 1404,
    "min": 0.0,
    "p05": 0.0,
    "median": 0.0,
    "mean": 0.8738103381961069,
    "p95": 6.384998175232895,
    "max": 8.115638351858575
  },
  "strict_pass_viq_M_exterior": {
    "count": 1404,
    "min": 2.970123913232885,
    "p05": 4.13770688356357,
    "median": 287.5340876781339,
    "mean": 455.42994826781114,
    "p95": 1436.6245894274032,
    "max": 1826.0186291681805
  },
  "strict_pass_viq_M_passenger": {
    "count": 1404,
    "min": 0.039605786324731745,
    "p05": 0.062102830284975014,
    "median": 4.106012522577657,
    "mean": 6.411457386814358,
    "p95": 19.13920735440742,
    "max": 24.342513356946906
  },
  "strict_pass_viq_shell_volume": {
    "count": 1404,
    "min": 0.0,
    "p05": 0.0,
    "median": 0.0,
    "mean": 2451.0,
    "p95": 14706.0,
    "max": 14706.0
  },
  "strict_pass_viq_exterior_volume": {
    "count": 1404,
    "min": 14706.0,
    "p05": 14706.0,
    "median": 14706.0,
    "mean": 14706.0,
    "p95": 14706.0,
    "max": 14706.0
  },
  "strict_pass_viq_passenger_volume": {
    "count": 1404,
    "min": 0.125,
    "p05": 0.125,
    "median": 0.125,
    "mean": 0.125,
    "p95": 0.125,
    "max": 0.125
  },
  "strict_pass_viq_Nmag_max": {
    "count": 1404,
    "min": 0.718041213793691,
    "p05": 0.9150671991953514,
    "median": 7.498900050746899,
    "mean": 7.90680398665177,
    "p95": 16.264521460963284,
    "max": 18.499854984367136
  },
  "strict_pass_viq_Nmag_origin": {
    "count": 1404,
    "min": 4.5859288589220914e-12,
    "p05": 5.073115816324056e-10,
    "median": 4.799889127871538e-05,
    "mean": 0.0008313391612096621,
    "p95": 0.004813616104360549,
    "max": 0.019022901357952076
  },
  "strict_pass_viq_neg_M_box": {
    "count": 1404,
    "min": 0.0,
    "p05": 0.0,
    "median": 0.0,
    "mean": 0.0,
    "p95": 0.0,
    "max": 0.0
  },
  "strict_pass_viq_neg_M_shell": {
    "count": 234,
    "min": 0.0,
    "p05": 0.0,
    "median": 0.0,
    "mean": 0.0,
    "p95": 0.0,
    "max": 0.0
  },
  "strict_pass_viq_neg_M_exterior": {
    "count": 1404,
    "min": 0.0,
    "p05": 0.0,
    "median": 0.0,
    "mean": 0.0,
    "p95": 0.0,
    "max": 0.0
  },
  "strict_pass_viq_neg_M_passenger": {
    "count": 1404,
    "min": 0.0,
    "p05": 0.0,
    "median": 0.0,
    "mean": 0.0,
    "p95": 0.0,
    "max": 0.0
  },
  "strict_pass_viq_pos_M_box": {
    "count": 1404,
    "min": 1.0,
    "p05": 1.0,
    "median": 1.0,
    "mean": 1.0,
    "p95": 1.0,
    "max": 1.0
  },
  "strict_pass_viq_pos_M_shell": {
    "count": 234,
    "min": 1.012174886810987,
    "p05": 1.0121996054574272,
    "median": 1.0133887620313262,
    "mean": 1.0140699657351786,
    "p95": 1.019166543418252,
    "max": 1.021087091946079
  },
  "strict_pass_viq_pos_M_exterior": {
    "count": 1404,
    "min": 1.0121748868109868,
    "p05": 1.0121855052957671,
    "median": 1.013388762031326,
    "mean": 1.0140699657351784,
    "p95": 1.0191678614408006,
    "max": 1.0210870919460793
  },
  "strict_pass_viq_pos_M_passenger": {
    "count": 1404,
    "min": 48.42237585709072,
    "p05": 53.1706609309791,
    "median": 75.68950435223195,
    "mean": 73.35888347272656,
    "p95": 83.06471342205097,
    "max": 83.13628722178964
  },
  "strict_pass_viq_LV_exact_approx": {
    "count": 1404,
    "min": 2.2276913117707364,
    "p05": 3.299059577118433,
    "median": 216.00566962452444,
    "mean": 345.6407729473451,
    "p95": 1080.5314638836335,
    "max": 1373.2315741554369
  },
  "canonical_anchor": {
    "params": {
      "V": 1.5,
      "sigma": 10.0,
      "m0": 3.0,
      "a": 0.05000000000000001,
      "ell": 4.0,
      "r": 9.0
    },
    "viq_E_pos_recompute": 1850.3033006578262,
    "viq_E_neg_recompute": 0.0,
    "viq_M_box": 1850.3033006578262,
    "viq_M_shell": 0.0,
    "viq_M_exterior": 1825.9718922565621,
    "viq_M_passenger": 24.331408401263943,
    "viq_passenger_cells": 1,
    "viq_Nmag_max": 18.499854982841335,
    "viq_Nmag_origin": 2.1956467295266197e-05,
    "viq_neg_M_box": 0.0,
    "viq_pos_M_exterior": 1.013325182334102,
    "viq_pos_M_passenger": 76.04587741668536,
    "viq_LV_exact_approx": 1373.2010975548792
  }
}