{
  "n_rows": 5334,
  "n_strict_pass": 5334,
  "strict_pass_viq_E_pos_recompute": {
    "count": 5334,
    "min": 110.4626681218252,
    "p05": 172.1832546658804,
    "median": 444.62075856736266,
    "mean": 530.8963193901593,
    "p95": 1163.5435906838165,
    "max": 1554.1778932668653
  },
  "strict_pass_viq_E_neg_recompute": {
    "count": 5334,
    "min": 0.0,
    "p05": 0.0,
    "median": 0.0,
    "mean": 0.0,
    "p95": 0.0,
    "max": 0.0
  },
  "strict_pass_viq_E_net_recompute": {
    "count": 5334,
    "min": 110.4626681218252,
    "p05": 172.1832546658804,
    "median": 444.62075856736266,
    "mean": 530.8963193901593,
    "p95": 1163.5435906838165,
    "max": 1554.1778932668653
  },
  "strict_pass_viq_M_box": {
    "count": 5334,
    "min": 110.4626681218252,
    "p05": 172.1832546658804,
    "median": 444.62075856736266,
    "mean": 530.8963193901593,
    "p95": 1163.5435906838165,
    "max": 1554.1778932668653
  },
  "strict_pass_viq_M_shell": {
    "count": 5334,
    "min": 0.0,
    "p05": 0.0,
    "median": 0.0,
    "mean": 0.0,
    "p95": 0.0,
    "max": 0.0
  },
  "strict_pass_viq_M_exterior": {
    "count": 5334,
    "min": 109.13793213294791,
    "p05": 170.24072695039266,
    "median": 438.9167848497648,
    "mean": 523.5491116646292,
    "p95": 1147.4699680403498,
    "max": 1532.837522055197
  },
  "strict_pass_viq_M_passenger": {
    "count": 5334,
    "min": 1.3187475059415712,
    "p05": 1.930034900179011,
    "median": 6.36005585307067,
    "mean": 7.347207725530172,
    "p95": 16.072257650448332,
    "max": 21.340371211668234
  },
  "strict_pass_viq_shell_volume": {
    "count": 5334,
    "min": 0.0,
    "p05": 0.0,
    "median": 0.0,
    "mean": 0.0,
    "p95": 0.0,
    "max": 0.0
  },
  "strict_pass_viq_exterior_volume": {
    "count": 5334,
    "min": 14706.0,
    "p05": 14706.0,
    "median": 14706.0,
    "mean": 14706.0,
    "p95": 14706.0,
    "max": 14706.0
  },
  "strict_pass_viq_passenger_volume": {
    "count": 5334,
    "min": 0.125,
    "p05": 0.125,
    "median": 0.125,
    "mean": 0.125,
    "p95": 0.125,
    "max": 0.125
  },
  "strict_pass_viq_Nmag_max": {
    "count": 5334,
    "min": 4.6989767621644924,
    "p05": 5.441800101271556,
    "median": 9.531216437829599,
    "mean": 9.68944378378641,
    "p95": 14.266156256227962,
    "max": 16.256227973932617
  },
  "strict_pass_viq_Nmag_origin": {
    "count": 5334,
    "min": 4.803909122360548e-11,
    "p05": 2.7409686606990253e-08,
    "median": 0.0001272161209460813,
    "mean": 0.0010236997667159512,
    "p95": 0.005266873389176696,
    "max": 0.019365148119236803
  },
  "strict_pass_viq_neg_M_box": {
    "count": 5334,
    "min": 0.0,
    "p05": 0.0,
    "median": 0.0,
    "mean": 0.0,
    "p95": 0.0,
    "max": 0.0
  },
  "strict_pass_viq_neg_M_exterior": {
    "count": 5334,
    "min": 0.0,
    "p05": 0.0,
    "median": 0.0,
    "mean": 0.0,
    "p95": 0.0,
    "max": 0.0
  },
  "strict_pass_viq_neg_M_passenger": {
    "count": 5334,
    "min": 0.0,
    "p05": 0.0,
    "median": 0.0,
    "mean": 0.0,
    "p95": 0.0,
    "max": 0.0
  },
  "strict_pass_viq_pos_M_box": {
    "count": 5334,
    "min": 1.0,
    "p05": 1.0,
    "median": 1.0,
    "mean": 1.0,
    "p95": 1.0,
    "max": 1.0
  },
  "strict_pass_viq_pos_M_exterior": {
    "count": 5334,
    "min": 1.0103369940544242,
    "p05": 1.0113618393643453,
    "median": 1.013381134148167,
    "mean": 1.0137873234226802,
    "p95": 1.0185635885465756,
    "max": 1.023388541815874
  },
  "strict_pass_viq_pos_M_passenger": {
    "count": 5334,
    "min": 43.75597888369845,
    "p05": 54.86889489476031,
    "median": 75.73208094879675,
    "mean": 74.89560516613084,
    "p95": 89.01391866420825,
    "max": 97.73992214129092
  },
  "strict_pass_viq_LV_exact_approx": {
    "count": 5334,
    "min": 83.33971129268642,
    "p05": 128.01741023524926,
    "median": 333.9748575319322,
    "mean": 397.1953342446457,
    "p95": 864.5364453124703,
    "max": 1156.5597906761652
  }
}