component_id,size,sigma_min,sigma_max,a_min,a_max,ell_min,ell_max,r_min,r_max,dec_slack_min_min,dec_slack_min_max,central_N_max_min,central_N_max_max
1,1404,4.0,10.0,0.05000000000000001,0.47287080450158797,2.0,8.0,4.0,9.0,5.499991814510359e-07,0.018705076388473872,0.7342394651980074,18.602829462847478
