{
  "r_over_m0": {
    "pass_mean": 2.39848293615733,
    "pass_std": 0.6678945904060518,
    "pass_range": 2.7701863354037273,
    "pass_min": 1.1428571428571428,
    "pass_max": 3.91304347826087,
    "n_unique": 44,
    "spread_normalized": 0.27846543343606295
  },
  "r_over_sigma": {
    "pass_mean": 0.9916774540087252,
    "pass_std": 0.3884971864611452,
    "pass_range": 1.85,
    "pass_min": 0.4,
    "pass_max": 2.25,
    "n_unique": 33,
    "spread_normalized": 0.39175760716420105
  },
  "r_over_sqrt_sigma": {
    "pass_mean": 2.563842231986651,
    "pass_std": 0.7150119758755837,
    "pass_range": 3.235088935932648,
    "pass_min": 1.2649110640673518,
    "pass_max": 4.5,
    "n_unique": 40,
    "spread_normalized": 0.2788829854485783
  },
  "a_over_m0": {
    "pass_mean": 0.052999957231292825,
    "pass_std": 0.039292316094706084,
    "pass_range": 0.18648648648648647,
    "pass_min": 0.013513513513513516,
    "pass_max": 0.19999999999999998,
    "n_unique": 47,
    "spread_normalized": 0.7413650528666215
  },
  "ell_over_r": {
    "pass_mean": 0.8630506008177549,
    "pass_std": 0.4014329562355406,
    "pass_range": 1.7777777777777777,
    "pass_min": 0.2222222222222222,
    "pass_max": 2.0,
    "n_unique": 28,
    "spread_normalized": 0.4651325841789301
  },
  "sigma_over_r2": {
    "pass_mean": 0.19506430855959708,
    "pass_std": 0.12237077796328752,
    "pass_range": 0.5756172839506173,
    "pass_min": 0.04938271604938271,
    "pass_max": 0.625,
    "n_unique": 40,
    "spread_normalized": 0.6273355636759154
  },
  "m0_minus_a": {
    "pass_mean": 2.7273271701459456,
    "pass_std": 0.37807646230459047,
    "pass_range": 1.6654786722400972,
    "pass_min": 1.9845213277599032,
    "pass_max": 3.6500000000000004,
    "n_unique": 47,
    "spread_normalized": 0.13862526888710558
  },
  "m0_plus_a": {
    "pass_mean": 3.031203013581088,
    "pass_std": 0.4054326247504024,
    "pass_range": 1.8500000000000005,
    "pass_min": 2.3499999999999996,
    "pass_max": 4.2,
    "n_unique": 47,
    "spread_normalized": 0.13375304225216542
  }
}